{
  "inputs": [
    "oof_cat_base",
    "oof_lgb_base",
    "oof_stack",
    "oof_xgb_base"
  ],
  "weights": [
    0.255063856813992,
    0.3192160932746239,
    0.4194288412462673,
    0.2812633441543488
  ],
  "oof_mae": 0.059843678600592726,
  "n_rows": 167888
}